patch_id,label
patch_000261,1
patch_005468,1
patch_004836,0
patch_004000,1
patch_001982,1
patch_005132,1
patch_003670,1
patch_005220,1
patch_001861,0
patch_001622,0
patch_004560,1
patch_001168,1
patch_004658,1
patch_004380,0
patch_003389,0
patch_000380,1
patch_004197,1
patch_002679,1
patch_002859,1
patch_001791,0
patch_006175,1
patch_002556,0
patch_002855,1
patch_000414,1
patch_003487,1
patch_001949,1
patch_000932,1
patch_004339,1
patch_004479,1
patch_005975,1
patch_001204,1
patch_001880,0
patch_002820,1
patch_005507,1
patch_002203,1
patch_002454,1
patch_002112,0
patch_004695,1
patch_000512,1
patch_000693,0
patch_003766,1
patch_000426,1
patch_001653,0
patch_001032,1
patch_000878,1
patch_002588,1
patch_002986,1
patch_003354,1
patch_002195,1
patch_003414,0
patch_004834,0
patch_006190,1
patch_001724,1
patch_004749,1
patch_002683,1
patch_001400,1
patch_002635,1
patch_003380,1
patch_004762,1
patch_004727,1
patch_005505,1
patch_006668,1
patch_001492,1
patch_005227,1
patch_005052,1
patch_001786,0
patch_006897,1
patch_003390,0
patch_004576,1
patch_002813,1
patch_002979,1
patch_005740,1
patch_002192,1
patch_001047,1
patch_000810,1
patch_001555,1
patch_003740,1
patch_002849,1
patch_000999,1
patch_000589,1
patch_002335,0
patch_001366,0
patch_001124,1
patch_005411,1
patch_000707,0
patch_006845,1
patch_000790,1
patch_000032,0
patch_001557,1
patch_004458,1
patch_006873,1
patch_001062,1
patch_001671,1
patch_005373,1
patch_004442,1
patch_003491,0
patch_002580,1
patch_000448,1
patch_003028,1
patch_000928,1
patch_005454,1
patch_003880,1
patch_000390,1
patch_004619,1
patch_004169,1
patch_002963,0
patch_003787,1
patch_004796,1
patch_002379,1
patch_001294,1
patch_004226,1
patch_002681,1
patch_003304,1
patch_002269,0
patch_001084,1
patch_001752,1
patch_003562,1
patch_000560,1
patch_002369,1
patch_004064,1
patch_000061,1
patch_006186,1
patch_001437,0
patch_004931,1
patch_005296,0
patch_002922,0
patch_003799,1
patch_001625,1
patch_004038,1
patch_003265,1
patch_005152,1
patch_001310,1
patch_000879,1
patch_002688,1
patch_004113,1
patch_006627,1
patch_002400,1
patch_000157,1
patch_002041,1
patch_006215,1
patch_002019,0
patch_004473,1
patch_002449,1
patch_002607,1
patch_003348,1
patch_000455,0
patch_004709,1
patch_004503,1
patch_002080,0
patch_004320,0
patch_005264,1
patch_000741,1
patch_002004,1
patch_002089,1
patch_002919,0
patch_000540,1
patch_005133,1
patch_000823,1
patch_004540,1
patch_002538,0
patch_004850,0
patch_005729,1
patch_000785,1
patch_003423,1
patch_000287,1
patch_005000,1
patch_002413,1
patch_001334,1
patch_000953,0
patch_001216,1
patch_005736,1
patch_001225,1
patch_003056,1
patch_000944,0
patch_001858,1
patch_000795,1
patch_001494,1
patch_002692,1
patch_002312,1
patch_001888,1
patch_001019,1
patch_003177,1
patch_006858,1
patch_001551,1
patch_001329,0
patch_004837,0
patch_001248,1
patch_000014,1
patch_001240,1
patch_005725,1
patch_004340,1
patch_001498,1
patch_004128,1
patch_001670,1
patch_004736,1
patch_002640,1
patch_003732,1
patch_001946,1
patch_000978,1
patch_001090,1
patch_003024,1
patch_000406,1
patch_006896,0
patch_000068,1
patch_005157,1
patch_005080,0
patch_004246,1
patch_000670,0
patch_003668,1
patch_000066,1
patch_001810,1
patch_002574,1
patch_001206,1
patch_002111,0
patch_001108,1
patch_000113,1
patch_007128,1
patch_005506,1
patch_002626,1
patch_004337,1
patch_001258,0
patch_001660,0
patch_000060,1
patch_004244,1
patch_000296,1
patch_004721,1
patch_002800,1
patch_000969,1
patch_002597,1
patch_001782,1
patch_002015,0
patch_004994,1
patch_000283,1
patch_001054,1
patch_004932,1
patch_001055,1
patch_001166,1
patch_005250,1
patch_000554,1
patch_005007,1
patch_000412,1
patch_004610,1
patch_003892,1
patch_004396,1
patch_002478,0
patch_000797,1
patch_005741,1
patch_000114,1
patch_003848,0
patch_000381,1
patch_000446,1
patch_007103,1
patch_004513,1
patch_004210,1
patch_004287,1
patch_004815,1
patch_004763,1
patch_001173,0
patch_001097,1
patch_002755,0
patch_006861,1
patch_000314,1
patch_002237,1
patch_002380,1
patch_005072,0
patch_002200,1
patch_006906,1
patch_006683,1
patch_002351,1
patch_004670,1
patch_003209,0
patch_004483,1
patch_003466,0
patch_003557,1
patch_004292,1
patch_001595,0
patch_000927,1
patch_001714,1
patch_004515,0
patch_005267,1
patch_001539,1
patch_004075,0
patch_002633,1
patch_001822,0
patch_002778,0
patch_001322,1
patch_002292,1
patch_001208,0
patch_002300,0
patch_002099,0
patch_005966,1
patch_002382,1
patch_001574,1
patch_004240,1
patch_003404,1
patch_000065,1
patch_005504,1
patch_002251,0
patch_000975,1
patch_002403,1
patch_003656,1
patch_004531,0
patch_003154,0
patch_004086,1
patch_005186,1
patch_003434,1
patch_001285,1
patch_002714,1
patch_005010,1
patch_000345,1
patch_005071,1
patch_000408,1
patch_003381,1
patch_001843,0
patch_001588,0
patch_002507,0
patch_005546,1
patch_000753,1
patch_004222,1
patch_003021,0
patch_001067,1
patch_002881,1
patch_001556,1
patch_004007,1
patch_005994,1
patch_000180,1
patch_005139,1
patch_004956,1
patch_002981,1
patch_007068,1
patch_001430,1
patch_004604,0
patch_002806,1
patch_001558,1
patch_003815,1
patch_000924,1
patch_002330,0
patch_006636,1
patch_000206,1
patch_005078,0
patch_001565,1
patch_000358,1
patch_002075,0
patch_003081,1
patch_000759,1
patch_004063,1
patch_002151,1
patch_004467,1
patch_002846,1
patch_002569,0
patch_007091,1
patch_001061,1
patch_001284,1
patch_000383,1
patch_004753,0
patch_003220,0
patch_005748,1
patch_002638,1
patch_007072,1
patch_001132,0
patch_001995,1
patch_006675,1
patch_002572,1
patch_000396,1
patch_002006,1
patch_000178,1
patch_001157,1
patch_003547,1
patch_001422,1
patch_004512,1
patch_003768,1
patch_001428,1
patch_005232,1
patch_002751,1
patch_003444,0
patch_004781,1
patch_002118,1
patch_002566,0
patch_005085,1
patch_004033,1
patch_002066,1
patch_001930,1
patch_002772,0
patch_003515,1
patch_004822,1
patch_004348,1
patch_001481,1
patch_006913,1
patch_004417,1
patch_004042,1
patch_005040,1
patch_004453,1
patch_004542,1
patch_003231,0
patch_001672,1
patch_004801,1
patch_006669,1
patch_003895,1
patch_006881,1
patch_002011,1
patch_003036,1
patch_002815,1
patch_003721,1
patch_004539,1
patch_000151,1
patch_002404,1
patch_005528,0
patch_004363,1
patch_004130,1
patch_004106,1
patch_000493,0
patch_002780,0
patch_005517,1
patch_004074,0
patch_001833,0
patch_003636,0
patch_003638,0
patch_002001,1
patch_005739,1
patch_007134,1
patch_005510,1
patch_001487,0
patch_006216,0
patch_002321,0
patch_002990,0
patch_005136,1
patch_007109,1
patch_003681,0
patch_000111,1
patch_000889,1
patch_005944,1
patch_000647,1
patch_003375,0
patch_001807,1
patch_001806,1
patch_000980,1
patch_005956,1
patch_000863,1
patch_001632,0
patch_003568,1
patch_002578,1
patch_002452,1
patch_004713,1
patch_004079,1
patch_000737,1
patch_001533,1
patch_002132,1
patch_000903,0
patch_006172,1
patch_002495,1
patch_002476,1
patch_002187,1
patch_004805,1
patch_004969,1
patch_001582,1
patch_002276,0
patch_002395,1
patch_003415,0
patch_004025,1
patch_006405,1
patch_003165,1
patch_005724,1
patch_001885,1
patch_006441,1
patch_002437,1
patch_004710,1
patch_002207,1
patch_000806,1
patch_004723,1
patch_000459,1
patch_004584,1
patch_003197,1
patch_000169,1
patch_000286,1
patch_004157,0
patch_001838,1
patch_000697,1
patch_000453,0
patch_005941,1
patch_004758,0
patch_001319,1
patch_002342,0
patch_002579,1
patch_006865,1
patch_000614,0
patch_000637,1
patch_003480,1
patch_003109,1
patch_003402,1
patch_000724,0
patch_001462,1
patch_003133,1
patch_000422,1
patch_004675,1
patch_003989,1
patch_002298,0
patch_001583,0
patch_000856,1
patch_001245,1
patch_005197,1
patch_006652,1
patch_001700,1
patch_001070,1
patch_007127,1
patch_001110,1
patch_001475,1
patch_002781,1
patch_004532,0
patch_001304,1
patch_004808,1
patch_000146,1
patch_004779,1
patch_002126,1
patch_000438,1
patch_000308,1
patch_001872,0
patch_000740,1
patch_003083,1
patch_002960,0
patch_006911,1
patch_000357,1
patch_002695,0
patch_000443,0
patch_004703,1
patch_002573,1
patch_001148,0
patch_001996,1
patch_000690,0
patch_004728,1
patch_002236,1
patch_005037,1
patch_005091,1
patch_004350,1
patch_002954,0
patch_005764,1
patch_000379,1
patch_005402,1
patch_006387,1
patch_001111,1
patch_000202,1
patch_004939,1
patch_004284,1
patch_005022,1
patch_001066,1
patch_004935,1
patch_001018,1
patch_005179,1
patch_000830,1
patch_002024,1
patch_003634,1
patch_000466,1
patch_004220,1
patch_004052,1
patch_001626,1
patch_004899,1
patch_000036,0
patch_001255,1
patch_004378,0
patch_001690,1
patch_000704,0
patch_002233,1
patch_004951,1
patch_007088,1
patch_002401,1
patch_004358,1
patch_005429,1
patch_001889,0
patch_003008,0
patch_001821,0
patch_000900,1
patch_000442,0
patch_005990,0
patch_005530,0
patch_006161,1
patch_001229,1
patch_002613,1
patch_003121,1
patch_001444,1
patch_001102,1
patch_006633,1
patch_003773,1
patch_003542,1
patch_001396,1
patch_004743,1
patch_003351,1
patch_003216,0
patch_000849,1
patch_002938,0
patch_002923,1
patch_001862,1
patch_001952,1
patch_004126,1
patch_000568,1
patch_005143,1
patch_001404,0
patch_004544,1
patch_000941,1
patch_004308,1
patch_003477,0
patch_001937,1
patch_001119,1
patch_002204,1
patch_003894,1
patch_001328,1
patch_000212,0
patch_000289,1
patch_002694,0
patch_002003,1
patch_004328,1
patch_003446,0
patch_004059,0
patch_002997,1
patch_006203,1
patch_000222,1
patch_003013,0
patch_003531,1
patch_005486,1
patch_004566,1
patch_005978,1
patch_002098,0
patch_000708,0
patch_004341,1
patch_000228,1
patch_006420,1
patch_004309,1
patch_003581,1
patch_000698,1
patch_004117,1
patch_002786,0
patch_005226,1
patch_004851,1
patch_004306,0
patch_005204,0
patch_003285,1
patch_003359,1
patch_001804,1
patch_002434,1
patch_003617,0
patch_002880,1
patch_001098,1
patch_006888,0
patch_005046,1
patch_006183,1
patch_004105,1
patch_003826,1
patch_003987,1
patch_000886,1
patch_003629,1
patch_002551,0
patch_006219,1
patch_005720,1
patch_006205,1
patch_001840,1
patch_003239,1
patch_001824,1
patch_004294,1
patch_001345,1
patch_002535,0
patch_002281,1
patch_002534,0
patch_001844,0
patch_003935,0
patch_001250,1
patch_002629,1
patch_001194,1
patch_004543,1
patch_005536,0
patch_001796,1
patch_003502,1
patch_002956,0
patch_003391,0
patch_003520,1
patch_003582,1
patch_000787,1
patch_006159,1
patch_003667,1
patch_004067,0
patch_004409,1
patch_002222,1
patch_005432,1
patch_001920,1
patch_001895,0
patch_003241,1
patch_002259,1
patch_003027,1
patch_002957,0
patch_004104,1
patch_001446,1
patch_001406,0
patch_007085,1
patch_000526,1
patch_005182,1
patch_004523,1
patch_002742,1
patch_001902,1
patch_007104,1
patch_000543,1
patch_000213,0
patch_002079,0
patch_001922,1
patch_005162,1
patch_000416,1
patch_006672,1
patch_004573,1
patch_001635,0
patch_004170,1
patch_002625,1
patch_001101,1
patch_004601,0
patch_004696,1
patch_002232,1
patch_005467,1
patch_000952,1
patch_005727,1
patch_003690,0
patch_000080,1
patch_002594,1
patch_005521,1
patch_003234,0
patch_003654,1
patch_002155,1
patch_001767,1
patch_005735,1
patch_005522,1
patch_001856,1
patch_003131,1
patch_000510,1
patch_003651,1
patch_004797,1
patch_001698,1
patch_005049,1
patch_002402,1
patch_001305,1
patch_004280,1
patch_003329,1
patch_000298,1
patch_000388,0
patch_002899,1
patch_001936,1
patch_000092,1
patch_003812,1
patch_002727,0
patch_002951,1
patch_004366,1
patch_004371,0
patch_003849,0
patch_003042,1
patch_005476,1
patch_006612,1
patch_003921,0
patch_005089,1
patch_000658,1
patch_006632,1
patch_003219,0
patch_004023,1
patch_001473,1
patch_002234,1
patch_004369,0
patch_003116,1
patch_003142,1
patch_001618,0
patch_003001,1
patch_001778,1
patch_004771,1
patch_003615,0
patch_003047,1
patch_002992,0
patch_005087,1
patch_000917,0
patch_000945,0
patch_005259,1
patch_004037,1
patch_004057,1
patch_004970,1
patch_006167,1
patch_003516,1
patch_000294,1
patch_005235,1
patch_004165,1
patch_002766,0
patch_001413,0
patch_000204,1
patch_004701,1
patch_000569,1
patch_005266,1
patch_003626,1
patch_002123,1
patch_003211,0
patch_003675,1
patch_001648,0
patch_000008,0
patch_001190,0
patch_007095,1
patch_000942,0
patch_001586,0
patch_002463,1
patch_000764,1
patch_002022,0
patch_007106,1
patch_001321,1
patch_004999,1
patch_002522,1
patch_002046,0
patch_003637,0
patch_003393,0
patch_003113,1
patch_000808,1
patch_000985,0
patch_001041,1
patch_002803,1
patch_003322,1
patch_006442,1
patch_002225,1
patch_004501,1
patch_003271,1
patch_001224,1
patch_000954,1
patch_004017,1
patch_003074,1
patch_003689,0
patch_003705,0
patch_001259,1
patch_004986,0
patch_002904,1
patch_001469,1
patch_000145,1
patch_004076,0
patch_002667,1
patch_004581,1
patch_000104,1
patch_004681,1
patch_002553,1
patch_002171,0
patch_006440,1
patch_004094,0
patch_002182,1
patch_006877,1
patch_000582,1
patch_004798,1
patch_001043,1
patch_001800,1
patch_000221,0
patch_001361,0
patch_002752,0
patch_002703,0
patch_004410,1
patch_003975,1
patch_004516,1
patch_004147,0
patch_003509,1
patch_000081,1
patch_000638,1
patch_003859,1
patch_003262,1
patch_006653,1
patch_003245,0
patch_001569,1
patch_004393,0
patch_001687,1
patch_000290,1
patch_005482,1
patch_000987,1
patch_004722,1
patch_001974,1
patch_005160,1
patch_004387,0
patch_004598,1
patch_001076,1
patch_003138,1
patch_003208,1
patch_001212,0
patch_006458,1
patch_003791,1
patch_006844,1
patch_004825,0
patch_000463,0
patch_006201,0
patch_000721,0
patch_005173,1
patch_001581,1
patch_003802,1
patch_006859,1
patch_000860,1
patch_003904,1
patch_004545,1
patch_003052,1
patch_005249,1
patch_006624,1
patch_003556,1
patch_002318,1
patch_001317,1
patch_000828,1
patch_001980,1
patch_002459,1
patch_004755,1
patch_000827,1
patch_005702,1
patch_001811,1
patch_000047,1
patch_003845,1
patch_002973,1
patch_001578,1
patch_005405,1
patch_001176,0
patch_004553,0
patch_002246,0
patch_006388,1
patch_001794,1
patch_001951,1
patch_003394,0
patch_004912,1
patch_002865,1
patch_002731,0
patch_006211,1
patch_000964,1
patch_000730,0
patch_001587,1
patch_000460,0
patch_000043,1
patch_003725,1
patch_002121,1
patch_005185,1
patch_001484,1
patch_000391,1
patch_003765,1
patch_004331,1
patch_003229,0
patch_002886,1
patch_003298,1
patch_001651,1
patch_001522,1
patch_002117,0
patch_004125,1
patch_003139,1
patch_004529,1
patch_002173,1
patch_003136,1
patch_001835,1
patch_005059,0
patch_007097,1
patch_006871,1
patch_005098,1
patch_003956,1
patch_003279,1
patch_004583,1
patch_000841,1
patch_000642,1
patch_004579,1
patch_005314,1
patch_006168,1
patch_003743,1
patch_002732,1
patch_001192,1
patch_002621,1
patch_000079,1
patch_004262,1
patch_001577,1
patch_002165,1
patch_002355,1
patch_006413,1
patch_000859,1
patch_006410,1
patch_002039,1
patch_003115,1
patch_000276,1
patch_002705,0
patch_000739,1
patch_003694,1
patch_004948,1
patch_001797,1
patch_002224,1
patch_002348,1
patch_004596,0
patch_000497,1
patch_002771,0
patch_003590,1
patch_001326,1
patch_003842,1
patch_003861,1
patch_005294,1
patch_002715,1
patch_000271,1
patch_004132,1
patch_003248,0
patch_003486,1
patch_000138,1
patch_001643,0
patch_003927,1
patch_002122,1
patch_001412,0
patch_003006,0
patch_003067,1
patch_000223,0
patch_000451,0
patch_001848,0
patch_000597,1
patch_003182,0
patch_005030,1
patch_002069,1
patch_003132,1
patch_001756,1
patch_000872,1
patch_003223,0
patch_002304,0
patch_003873,0
patch_000285,1
patch_002125,1
patch_005403,1
patch_005021,1
patch_006202,1
patch_002181,1
patch_002748,1
patch_000173,1
patch_001878,0
patch_003263,0
patch_001852,0
patch_002317,1
patch_005991,1
patch_001547,1
patch_000870,1
patch_000959,0
patch_004947,1
patch_001133,0
patch_004298,0
patch_001988,1
patch_001410,0
patch_004765,1
patch_003871,0
patch_006639,1
patch_003076,1
patch_003897,1
patch_001766,1
patch_002130,1
patch_004077,0
patch_003353,1
patch_002906,1
patch_004096,0
patch_001242,1
patch_005174,1
patch_001956,1
patch_000843,1
patch_001483,1
patch_004600,0
patch_000237,1
patch_000511,1
patch_004148,1
patch_005976,1
patch_003250,1
patch_002391,1
patch_003163,1
patch_001478,1
patch_001579,0
patch_002294,0
patch_004967,1
patch_003352,1
patch_003564,1
patch_004273,1
patch_003741,1
patch_000671,0
patch_001932,1
patch_006173,1
patch_003458,1
patch_004228,1
patch_003091,1
patch_004471,1
patch_000757,1
patch_006189,1
patch_004344,1
patch_002113,0
patch_002071,1
patch_003161,0
patch_004613,1
patch_004408,1
patch_002104,1
patch_001228,1
patch_006868,1
patch_005055,1
patch_002767,0
patch_003378,1
patch_005413,1
patch_003693,0
patch_000633,1
patch_004071,1
patch_000530,1
patch_002311,0
patch_002770,0
patch_004122,1
patch_000527,1
patch_000762,1
patch_001546,1
patch_000439,0
patch_000419,1
patch_004712,1
patch_006879,1
patch_007112,1
patch_001836,1
patch_000990,1
patch_005024,1
patch_001645,0
patch_002331,0
patch_004303,1
patch_002945,1
patch_003702,0
patch_002583,1
patch_003976,1
patch_003640,0
patch_004034,1
patch_003774,1
patch_000009,0
patch_007108,1
patch_004367,0
patch_000960,0
patch_003473,0
patch_003514,1
patch_004993,1
patch_003642,0
patch_002145,1
patch_003392,0
patch_002212,1
patch_000652,1
patch_000743,1
patch_000197,1
patch_000028,1
patch_003673,1
patch_002959,0
patch_002424,1
patch_005490,1
patch_002220,1
patch_004849,0
patch_005147,1
patch_004682,1
patch_005972,0
patch_003653,1
patch_004706,1
patch_002025,1
patch_005268,1
patch_004966,1
patch_004447,1
patch_002540,1
patch_004530,0
patch_005293,1
patch_002383,1
patch_003331,1
patch_004428,1
patch_007096,1
patch_001213,1
patch_004385,0
patch_004746,1
patch_002244,0
patch_000023,1
patch_003016,0
patch_004557,0
patch_000226,0
patch_003311,1
patch_003203,1
patch_000939,1
patch_005342,1
patch_007129,1
patch_005058,0
patch_002802,1
patch_003684,1
patch_003243,0
patch_005168,1
patch_001918,1
patch_002557,0
patch_002085,0
patch_001104,1
patch_004874,1
patch_003445,1
patch_002416,1
patch_000663,1
patch_004940,1
patch_002103,1
patch_005009,1
patch_005939,1
patch_000340,1
patch_002156,1
patch_003920,0
patch_000979,1
patch_003944,1
patch_001454,1
patch_000983,0
patch_001207,0
patch_003032,1
patch_000338,1
patch_004786,1
patch_000836,1
patch_006221,1
patch_003999,1
patch_003309,1
patch_001768,1
patch_004915,1
patch_001340,1
patch_002278,0
patch_004026,1
patch_003413,0
patch_000549,1
patch_005390,1
patch_002952,1
patch_002666,1
patch_004370,0
patch_003062,1
patch_001764,1
patch_005717,1
patch_004136,1
patch_001901,1
patch_001449,1
patch_001527,1
patch_003193,1
patch_003865,0
patch_002060,1
patch_000696,1
patch_005146,1
patch_004665,1
patch_003171,1
patch_004965,1
patch_003864,0
patch_000581,1
patch_004089,1
patch_005054,1
patch_007120,1
patch_000505,1
patch_004959,1
patch_001923,1
patch_001199,1
patch_002146,1
patch_002585,1
patch_001205,1
patch_005477,1
patch_001882,0
patch_001654,0
patch_001247,1
patch_006625,1
patch_002433,1
patch_003726,1
patch_006164,1
patch_000754,1
patch_000208,1
patch_001026,1
patch_005263,1
patch_003297,1
patch_003134,1
patch_001060,1
patch_003648,1
patch_001027,1
patch_001162,0
patch_004702,1
patch_004001,1
patch_002286,1
patch_003419,1
patch_003249,1
patch_004958,1
patch_002885,1
patch_000384,0
patch_001788,0
patch_004733,1
patch_000874,1
patch_000087,1
patch_002336,0
patch_000931,1
patch_001649,0
patch_003716,1
patch_004449,1
patch_003040,1
patch_000305,1
patch_002238,1
patch_005090,1
patch_001349,1
patch_004018,1
patch_003290,1
patch_003905,1
patch_005277,1
patch_005076,0
patch_001159,1
patch_000128,1
patch_004426,1
patch_000434,1
patch_002338,0
patch_002762,1
patch_003878,1
patch_001759,1
patch_003936,1
patch_000786,1
patch_003060,1
patch_003827,1
patch_004198,1
patch_001316,1
patch_006658,1
patch_005983,1
patch_000844,1
patch_001387,0
patch_003814,1
patch_003789,1
patch_006875,1
patch_006894,0
patch_000464,0
patch_003915,0
patch_003470,0
patch_005339,1
patch_001567,1
patch_003156,0
patch_002920,1
patch_001463,1
patch_003051,1
patch_002769,0
patch_002486,1
patch_000500,1
patch_005947,1
patch_002097,0
patch_003577,1
patch_004510,1
patch_003145,1
patch_003314,1
patch_004250,1
patch_003199,1
patch_004654,1
patch_002152,1
patch_006650,1
patch_003205,1
patch_001188,0
patch_006391,1
patch_002086,1
patch_005400,1
patch_000782,1
patch_004146,0
patch_000195,1
patch_003718,1
patch_003070,1
patch_001048,1
patch_002753,1
patch_000022,1
patch_000154,1
patch_006170,1
patch_003186,1
patch_002110,0
patch_002844,1
patch_001812,0
patch_003776,1
patch_005765,1
patch_000140,1
patch_003317,1
patch_000755,1
patch_001873,0
patch_005068,1
patch_001217,1
patch_000756,1
patch_005453,1
patch_005217,0
patch_005464,1
patch_002280,1
patch_001575,1
patch_003877,1
patch_002563,0
patch_005247,1
patch_002603,1
patch_002746,1
patch_006456,1
patch_001177,1
patch_006891,0
patch_003566,1
patch_003153,1
patch_003313,1
patch_006187,1
patch_004379,0
patch_000110,1
patch_001201,1
patch_002866,1
patch_001218,1
patch_001312,1
patch_002370,1
patch_001590,0
patch_000529,1
patch_000116,1
patch_003599,1
patch_004978,1
patch_000811,1
patch_000887,1
patch_000359,1
patch_004099,1
patch_003664,1
patch_004347,1
patch_001571,1
patch_000601,1
patch_004921,1
patch_005161,1
patch_004035,1
patch_002214,1
patch_003266,1
patch_007070,1
patch_000399,1
patch_004322,0
patch_004055,1
patch_006412,1
patch_004616,0
patch_000846,1
patch_003170,1
patch_003420,1
patch_003884,1
patch_002029,1
patch_003795,1
patch_002497,1
patch_000986,1
patch_003373,1
patch_003049,1
patch_000902,0
patch_000096,1
patch_003649,1
patch_002616,1
patch_000203,1
patch_004141,0
patch_002568,0
patch_004078,0
patch_002750,1
patch_001623,1
patch_001661,0
patch_001997,1
patch_000084,1
patch_004578,1
patch_003803,1
patch_004346,1
patch_004704,1
patch_004754,0
patch_002567,1
patch_000132,1
patch_004241,1
patch_000551,1
patch_005488,1
patch_002673,1
patch_006228,1
patch_001719,1
patch_003214,1
patch_004342,1
patch_004990,0
patch_005253,1
patch_005191,1
patch_005299,1
patch_003981,1
patch_004534,0
patch_001699,1
patch_004830,0
patch_002308,0
patch_001758,1
patch_000134,1
patch_003922,0
patch_007131,1
patch_005006,1
patch_000375,1
patch_004499,1
patch_001010,1
patch_002062,0
patch_005728,1
patch_005391,1
patch_002829,1
patch_000958,0
patch_003969,1
patch_004167,1
patch_000312,1
patch_000710,1
patch_000143,1
patch_001793,0
patch_005981,1
patch_004288,0
patch_001178,0
patch_006224,1
patch_000950,0
patch_002008,1
patch_002340,0
patch_000691,1
patch_006628,1
patch_004818,1
patch_002622,1
patch_002782,1
patch_002230,1
patch_000720,0
patch_005019,1
patch_000977,1
patch_000342,1
patch_004622,0
patch_003924,0
patch_003429,1
patch_002999,0
patch_003166,0
patch_002028,1
patch_006417,1
patch_003123,1
patch_005283,1
patch_002362,1
patch_001036,1
patch_003063,1
patch_001839,1
patch_002240,1
patch_005374,1
patch_002073,1
patch_003604,1
patch_000590,1
patch_000224,0
patch_000752,1
patch_003747,1
patch_003151,1
patch_002037,1
patch_003204,1
patch_006385,1
patch_000536,1
patch_005015,1
patch_001350,1
patch_002689,1
patch_001163,0
patch_001770,1
patch_003039,1
patch_004548,1
patch_002016,0
patch_001386,1
patch_002687,1
patch_003869,1
patch_000971,1
patch_003237,0
patch_005156,1
patch_001221,1
patch_001440,1
patch_002221,1
patch_005008,1
patch_003267,1
patch_000106,1
patch_001881,0
patch_004109,1
patch_005261,1
patch_001129,0
patch_000624,1
patch_005242,1
patch_001560,1
patch_002375,1
patch_001171,0
patch_004770,1
patch_004806,1
patch_003260,1
patch_006647,1
patch_003240,1
patch_002529,0
patch_005170,1
patch_004082,1
patch_007113,1
patch_000711,1
patch_004514,1
patch_002177,1
patch_003811,1
patch_003676,1
patch_005524,1
patch_005310,1
patch_002027,1
patch_003866,0
patch_003818,1
patch_000196,1
patch_004568,1
patch_001263,1
patch_005027,1
patch_006909,1
patch_006863,1
patch_002809,1
patch_005515,0
patch_001120,1
patch_001999,1
patch_001493,1
patch_000940,1
patch_002496,0
patch_001983,1
patch_000585,1
patch_003137,1
patch_005029,1
patch_003435,1
patch_000818,1
patch_002773,1
patch_002014,1
patch_006857,1
patch_003416,0
patch_004533,0
patch_002730,0
patch_001847,0
patch_003677,0
patch_001566,1
patch_003813,1
patch_001276,1
patch_006666,0
patch_004116,1
patch_004115,1
patch_001365,0
patch_001934,1
patch_006401,1
patch_002696,0
patch_005518,0
patch_004705,1
patch_003252,1
patch_003015,0
patch_005960,1
patch_003034,1
patch_004609,0
patch_001219,1
patch_003247,0
patch_003910,1
patch_002863,1
patch_005290,0
patch_002124,1
patch_001184,0
patch_001863,1
patch_002484,1
patch_004290,0
patch_004782,1
patch_005508,1
patch_002007,1
patch_000307,1
patch_004271,1
patch_006188,1
patch_000973,1
patch_005436,0
patch_000991,1
patch_001883,0
patch_005309,0
patch_001031,1
patch_003071,1
patch_005239,1
patch_002051,0
patch_001954,1
patch_005485,1
patch_006200,1
patch_003129,1
patch_000520,0
patch_003455,0
patch_003257,1
patch_002890,1
patch_002483,1
patch_005747,1
patch_003810,1
patch_002978,1
patch_000260,0
patch_002840,1
patch_002263,1
patch_001849,0
patch_005756,0
patch_002774,0
patch_000692,0
patch_003775,1
patch_004454,1
patch_004961,1
patch_002858,1
patch_001871,0
patch_000323,1
patch_005979,1
patch_002889,1
patch_005992,1
patch_003210,0
patch_003672,0
patch_004355,1
patch_001464,1
patch_003548,1
patch_002291,1
patch_003002,0
patch_002639,1
patch_003808,1
patch_000052,1
patch_001865,1
patch_001289,1
patch_004155,1
patch_005943,1
patch_006648,1
patch_002128,1
patch_004045,1
patch_003228,0
patch_004603,0
patch_003374,1
patch_004267,1
patch_001680,1
patch_002911,1
patch_003159,0
patch_004582,1
patch_003501,1
patch_005062,0
patch_002456,1
patch_004843,1
patch_005003,1
patch_004492,1
patch_001591,0
patch_004011,1
patch_005084,1
patch_003084,1
patch_001629,1
patch_001939,1
patch_000572,1
patch_003635,0
patch_003164,0
patch_002795,0
patch_002328,0
patch_005732,1
patch_005069,0
patch_002363,1
patch_004963,1
patch_000444,0
patch_002791,0
patch_000413,1
patch_002175,1
patch_001580,1
patch_004031,1
patch_005449,0
patch_001172,0
patch_005525,1
patch_000000,1
patch_006195,1
patch_002671,1
patch_005245,1
patch_000334,1
patch_001775,1
patch_001086,1
patch_001447,1
patch_001442,1
patch_000895,0
patch_007124,0
patch_006882,1
patch_001985,1
patch_005469,1
patch_003767,1
patch_000749,1
patch_002303,1
patch_000337,1
patch_005704,1
patch_000689,0
patch_001940,1
patch_001115,1
patch_005167,1
patch_003565,1
patch_004450,1
patch_003644,1
patch_001331,1
patch_002611,1
patch_004957,1
patch_003926,1
patch_001083,1
patch_002617,1
patch_004741,1
patch_002656,1
patch_005962,1
patch_003691,0
patch_001771,1
patch_003666,0
patch_005996,1
patch_002050,0
patch_000392,1
patch_000385,1
patch_001024,1
patch_004377,0
patch_000433,1
patch_003370,1
patch_006212,1
patch_006209,1
patch_004085,1
patch_001292,1
patch_000479,1
patch_005447,1
patch_004892,1
patch_000641,1
patch_002807,1
patch_006428,1
patch_003190,1
patch_005407,1
patch_005534,0
patch_004446,1
patch_001584,0
patch_002790,0
patch_003503,1
patch_004046,1
patch_004929,1
patch_004816,1
patch_001647,0
patch_004998,1
patch_002168,1
patch_003233,0
patch_000736,1
patch_002847,1
patch_004279,1
patch_002925,0
patch_004614,0
patch_001089,1
patch_004679,1
patch_003896,1
patch_000284,1
patch_004615,0
patch_001667,0
patch_002180,1
patch_003938,1
patch_004068,0
patch_003851,0
patch_001686,1
patch_005134,1
patch_005389,1
patch_001419,0
patch_001002,1
patch_004541,1
patch_003146,1
patch_005020,1
patch_004083,1
patch_002360,1
patch_002896,1
patch_001109,1
patch_004448,1
patch_005491,1
patch_003232,0
patch_001251,1
patch_001955,1
patch_002684,1
patch_004163,0
patch_000421,1
patch_004748,0
patch_005301,0
patch_002521,1
patch_003703,0
patch_005404,1
patch_006226,1
patch_003657,0
patch_000798,1
patch_003709,1
patch_004463,1
patch_005153,1
patch_001636,1
patch_003571,1
patch_002289,1
patch_004272,1
patch_004787,1
patch_003106,1
patch_000584,1
patch_001876,1
patch_001942,0
patch_003730,1
patch_007121,0
patch_003005,0
patch_007073,1
patch_003200,1
patch_001029,1
patch_003686,0
patch_003707,1
patch_002898,1
patch_004056,1
patch_004495,1
patch_001903,1
patch_001346,1
patch_001572,1
patch_003150,0
patch_004044,1
patch_001605,0
patch_001504,1
patch_002756,0
patch_001984,1
patch_004556,0
patch_005248,1
patch_003274,1
patch_001702,1
patch_003130,1
patch_004550,1
patch_007090,1
patch_001187,0
patch_002804,1
patch_005086,1
patch_002907,1
patch_001078,1
patch_003226,0
patch_002307,1
patch_003066,1
patch_002101,0
patch_002045,0
patch_000432,1
patch_001448,1
patch_005448,1
patch_001325,1
patch_000135,1
patch_005957,1
patch_003908,0
patch_002812,1
patch_000172,1
patch_004297,0
patch_004144,0
patch_005726,1
patch_002707,0
patch_001306,1
patch_002701,0
patch_000596,1
patch_004766,1
patch_004907,1
patch_004484,1
patch_003384,1
patch_000435,1
patch_003055,1
patch_000995,1
patch_003554,1
patch_003954,1
patch_002740,1
patch_000665,1
patch_005066,1
patch_002485,1
patch_003454,0
patch_000035,0
patch_000654,1
patch_003619,1
patch_001694,1
patch_000901,0
patch_003437,0
patch_003092,1
patch_004764,1
patch_003369,1
patch_000882,1
patch_002531,0
patch_005532,0
patch_005151,1
patch_005017,1
patch_005155,1
patch_001270,1
patch_003179,1
patch_004645,1
patch_003888,1
patch_002487,1
patch_004773,1
patch_001976,1
patch_003701,0
patch_005456,1
patch_006418,1
patch_004110,1
patch_000683,0
patch_002850,1
patch_000735,1
patch_004100,1
patch_000885,1
patch_006876,1
patch_001106,1
patch_001421,1
patch_004389,1
patch_002279,0
patch_004672,1
patch_003255,1
patch_001652,1
patch_002140,1
patch_001769,1
patch_006231,1
patch_005425,1
patch_001501,1
patch_003500,1
patch_004524,0
patch_001773,1
patch_003563,1
patch_002464,0
patch_001318,1
patch_002462,1
patch_000236,0
patch_002408,1
patch_005399,1
patch_002445,1
patch_006225,1
patch_001860,0
patch_004468,1
patch_005980,1
patch_005038,1
patch_003847,0
patch_004028,1
patch_002634,1
patch_002835,1
patch_001948,1
patch_005705,1
patch_005237,1
patch_002388,1
patch_006629,1
patch_003546,1
patch_001744,1
patch_004301,1
patch_002544,1
patch_005742,1
patch_002329,0
patch_003476,0
patch_001944,1
patch_002711,1
patch_003539,1
patch_003907,1
patch_000506,1
patch_002431,1
patch_002499,0
patch_004459,1
patch_005295,1
patch_004785,1
patch_003344,1
patch_006433,1
patch_002091,1
patch_000848,1
patch_005206,1
patch_005963,1
patch_003788,1
patch_003937,1
patch_002354,1
patch_005548,1
patch_007116,1
patch_001220,1
patch_002223,1
patch_003602,1
patch_004799,1
patch_002435,1
patch_006434,0
patch_003830,1
patch_003284,1
patch_002131,1
patch_002918,1
patch_001165,0
patch_003822,1
patch_001122,1
patch_003135,1
patch_000763,1
patch_003533,1
patch_004058,1
patch_000769,1
patch_005158,1
patch_000967,1
patch_000194,1
patch_000758,1
patch_002589,1
patch_000112,1
patch_005523,1
patch_001323,1
patch_005180,1
patch_002792,0
patch_003923,0
patch_001644,0
patch_006233,1
patch_003605,1
patch_004914,1
patch_001288,1
patch_004991,0
patch_003828,1
patch_003834,1
patch_002991,0
patch_003941,1
patch_000420,1
patch_005489,1
patch_003009,0
patch_001877,0
patch_002144,1
patch_000179,1
patch_003560,1
patch_003579,1
patch_005478,1
patch_002541,0
patch_003088,1
patch_004327,0
patch_001424,1
patch_002477,0
patch_000031,0
patch_001091,1
patch_004575,1
patch_001077,1
patch_004833,0
patch_002406,1
patch_004168,1
patch_004714,1
patch_004800,1
patch_000923,1
patch_002492,1
patch_001512,1
patch_002205,1
patch_005324,1
patch_003872,0
patch_004427,1
patch_007122,0
patch_000733,1
patch_003717,1
patch_002801,1
patch_003794,1
patch_005988,0
patch_001594,0
patch_002020,0
patch_002996,0
patch_001894,0
patch_002493,1
patch_000962,1
patch_005749,1
patch_003764,1
patch_000573,1
patch_005041,1
patch_002500,0
patch_000951,0
patch_001461,1
patch_005388,1
patch_002601,1
patch_003665,1
patch_004305,0
patch_003698,1
patch_005745,1
patch_002147,1
patch_001399,1
patch_001290,1
patch_006862,1
patch_001348,1
patch_005475,1
patch_000682,1
patch_001570,1
patch_000648,1
patch_004114,1
patch_003238,0
patch_006454,1
patch_005713,1
patch_004281,1
patch_004461,1
patch_003805,1
patch_005142,1
patch_005744,0
patch_003459,0
patch_001530,1
patch_002261,1
patch_000427,1
patch_000850,1
patch_001559,1
patch_000938,1
patch_002250,0
patch_000366,1
patch_001114,1
patch_004585,1
patch_000105,1
patch_000826,1
patch_000090,1
patch_005767,1
patch_002518,1
patch_001488,1
patch_005302,0
patch_001017,1
patch_005177,1
patch_000770,1
patch_001819,0
patch_002468,1
patch_005280,1
patch_004784,0
patch_004555,0
patch_002764,0
patch_004954,1
patch_006210,1
patch_002547,0
patch_003646,1
patch_002343,0
patch_002070,1
patch_002808,1
patch_001675,1
patch_005178,1
patch_000892,1
patch_002912,1
patch_002367,1
patch_001197,1
patch_003307,1
patch_000604,1
patch_000796,1
patch_004893,1
patch_003213,1
patch_002218,1
patch_006886,1
patch_005211,1
patch_002208,1
patch_004073,0
patch_002475,1
patch_003026,1
patch_003614,0
patch_005423,1
patch_005273,1
patch_006850,1
patch_001320,1
patch_002100,0
patch_005502,1
patch_006404,1
patch_004848,0
patch_001182,0
patch_000788,1
patch_001658,1
patch_000069,1
patch_003218,1
patch_003152,1
patch_004552,1
patch_000531,1
patch_000122,1
patch_002587,1
patch_000093,1
patch_002887,1
patch_004062,1
patch_005297,0
patch_001198,1
patch_003425,1
patch_003708,1
patch_004618,0
patch_001476,1
patch_000386,0
patch_004894,1
patch_001709,1
patch_003627,1
patch_001795,1
patch_004013,1
patch_001542,1
patch_004811,1
patch_001050,1
patch_007076,1
patch_004221,1
patch_000094,1
patch_004502,1
patch_001214,1
patch_004525,1
patch_006848,1
patch_002723,1
patch_001408,0
patch_002949,1
patch_006895,0
patch_005272,1
patch_003512,1
patch_004909,1
patch_007092,1
patch_002090,1
patch_005219,0
patch_005451,1
patch_004486,1
patch_002708,0
patch_000617,0
patch_004314,1
patch_000373,1
patch_002950,1
patch_001211,1
patch_003906,1
patch_001947,1
patch_007123,0
patch_000367,1
patch_002530,0
patch_000270,1
patch_001121,1
patch_002675,1
patch_003902,1
patch_000058,1
patch_000425,1
patch_005418,1
patch_001737,1
patch_001005,1
patch_000483,1
patch_004252,1
patch_001790,0
patch_002179,1
patch_005940,1
patch_002980,1
patch_003217,0
patch_005100,1
patch_000706,1
patch_000209,1
patch_001943,1
patch_002987,0
patch_002514,1
patch_004624,1
patch_001095,1
patch_002729,0
patch_005535,0
patch_000746,1
patch_005216,0
patch_004780,1
patch_004975,1
patch_002841,1
patch_004329,0
patch_001233,1
patch_001215,1
patch_005240,1
patch_006640,1
patch_005223,1
patch_002142,1
patch_004472,1
patch_000347,0
patch_000625,1
patch_003225,0
patch_002966,1
patch_004832,1
patch_001663,0
patch_001282,1
patch_000063,1
patch_001174,0
patch_004760,0
patch_000591,1
patch_000738,1
patch_004232,1
patch_003715,1
patch_001662,1
patch_002584,1
patch_002306,0
patch_006198,1
patch_004384,1
patch_000162,1
patch_004300,0
patch_000893,1
patch_004277,1
patch_001826,1
patch_002718,1
patch_000852,1
patch_003499,1
patch_005042,1
patch_004145,0
patch_006641,1
patch_000715,0
patch_003993,1
patch_002942,1
patch_001616,0
patch_003264,1
patch_000059,1
patch_004981,1
patch_004160,1
patch_006397,1
patch_006430,0
patch_002333,0
patch_003472,0
patch_000993,1
patch_000062,1
patch_002384,1
patch_004356,1
patch_002537,1
patch_001624,1
patch_004275,1
patch_001438,1
patch_000643,1
patch_002418,1
patch_004259,1
patch_004562,1
patch_002592,1
patch_001991,1
patch_002895,1
patch_002247,0
patch_004261,1
patch_001696,1
patch_001315,1
patch_004946,1
patch_004407,1
patch_001275,1
patch_002242,0
patch_001030,1
patch_003833,1
patch_000712,1
patch_005393,1
patch_001180,0
patch_001867,1
patch_001518,1
patch_000982,1
patch_003334,1
patch_003807,1
patch_003461,0
patch_004108,1
patch_003790,1
patch_005013,1
patch_001541,1
patch_003319,1
patch_001879,0
patch_000934,0
patch_006426,1
patch_001377,1
patch_000484,1
patch_006444,1
patch_003292,1
patch_001467,1
patch_002944,1
patch_005359,1
patch_003624,1
patch_003596,1
patch_002819,1
patch_004354,1
patch_000522,1
patch_001536,1
patch_003831,0
patch_002248,0
patch_003421,1
patch_000723,0
patch_004952,1
patch_004375,0
patch_003372,1
patch_003295,1
patch_001223,1
patch_000909,0
patch_001727,1
patch_001000,1
patch_001853,0
patch_001928,1
patch_001552,1
patch_002921,1
patch_000884,1
patch_000992,1
patch_002451,1
patch_001267,1
patch_003270,1
patch_003033,1
patch_002908,1
patch_003207,1
patch_000164,1
patch_002974,1
patch_004549,1
patch_006415,1
patch_003053,1
patch_003183,0
patch_002743,1
patch_002167,1
patch_003085,1
patch_003087,1
patch_004401,1
patch_000838,1
patch_005971,0
patch_003492,1
patch_003291,1
patch_003714,1
patch_000687,0
patch_001458,1
patch_002000,1
patch_005228,1
patch_000268,1
patch_004852,1
patch_002407,1
patch_002897,1
patch_002209,1
patch_003296,1
patch_000316,1
patch_003377,0
patch_000072,0
patch_005233,1
patch_003841,1
patch_004494,1
patch_005964,1
patch_002337,0
patch_002691,0
patch_000803,1
patch_002749,1
patch_002243,0
patch_000219,0
patch_004924,1
patch_003469,1
patch_000507,1
patch_000781,1
patch_001209,1
patch_001474,1
patch_002843,1
patch_005229,0
patch_003942,1
patch_000200,1
patch_005479,1
patch_005289,1
patch_005372,1
patch_004053,1
patch_001489,1
patch_000118,1
patch_001183,0
patch_002095,1
patch_003168,0
patch_001799,1
patch_005753,1
patch_005070,0
patch_003467,1
patch_005483,1
patch_002834,1
patch_002415,1
patch_004095,0
patch_001592,0
patch_001071,1
patch_002109,0
patch_002823,1
patch_003117,1
patch_005465,1
patch_003180,1
patch_000669,0
patch_003464,0
patch_002373,1
patch_005948,1
patch_004452,1
patch_005184,1
patch_004478,1
patch_005773,1
patch_004239,1
patch_002958,0
patch_003652,1
patch_002193,1
patch_005995,1
patch_005063,0
patch_000515,1
patch_005056,0
patch_005480,1
patch_003616,0
patch_002628,1
patch_002615,1
patch_000186,1
patch_004985,1
patch_005462,1
patch_002148,1
patch_003452,0
patch_001415,0
patch_005312,1
patch_005527,0
patch_005537,1
patch_001152,1
patch_004839,1
patch_001507,1
patch_006176,1
patch_000227,0
patch_002953,0
patch_001975,1
patch_000840,1
patch_002570,0
patch_003181,0
patch_003836,1
patch_001704,1
patch_004791,1
patch_000163,1
patch_003107,1
patch_001837,1
patch_002013,1
patch_005772,1
patch_005165,1
patch_002473,0
patch_002349,1
patch_001393,0
patch_005254,1
patch_001637,1
patch_003286,1
patch_000565,1
patch_001814,1
patch_001808,1
patch_004845,0
patch_000437,1
patch_004485,1
patch_004143,0
patch_003320,1
patch_003310,1
patch_000252,1
patch_005001,1
patch_001003,1
patch_006899,1
patch_000488,0
patch_002017,1
patch_000480,1
patch_002210,1
patch_002488,1
patch_001779,1
patch_003598,1
patch_002845,1
patch_004069,1
patch_000948,0
patch_003048,1
patch_000039,1
patch_006435,0
patch_005276,1
patch_001711,1
patch_003288,1
patch_000653,1
patch_003277,1
patch_000215,0
patch_003495,1
patch_005387,1
patch_005285,0
patch_000182,1
patch_004374,0
patch_005446,0
patch_001750,1
patch_002901,1
patch_005420,1
patch_001232,1
patch_005300,0
patch_001544,1
patch_003451,0
patch_000415,1
patch_004153,1
patch_002088,1
patch_004725,1
patch_002442,1
patch_000445,0
patch_002469,0
patch_004803,1
patch_003628,1
patch_002410,1
patch_004570,1
patch_000750,1
patch_004072,1
patch_000257,1
patch_003655,1
patch_000634,1
patch_004662,1
patch_002262,1
patch_004569,1
patch_004010,1
patch_000057,1
patch_002127,1
patch_004008,1
patch_004717,1
patch_000664,1
patch_004365,1
patch_002872,1
patch_005498,1
patch_001398,1
patch_000618,1
patch_005057,0
patch_004838,1
patch_006439,1
patch_004628,1
patch_001360,1
patch_000214,0
patch_000044,1
patch_002825,1
patch_001589,0
patch_004964,1
patch_003244,0
patch_001926,1
patch_003881,1
patch_004768,1
patch_000430,1
patch_002174,1
patch_000119,0
patch_005031,1
patch_001262,1
patch_003442,1
patch_000855,1
patch_006156,1
patch_003187,0
patch_001411,0
patch_004307,0
patch_005438,0
patch_004156,1
patch_003004,0
patch_004376,0
patch_003462,0
patch_007139,1
patch_000189,1
patch_006892,0
patch_001150,1
patch_004783,1
patch_001107,1
patch_001993,1
patch_004928,1
patch_000037,0
patch_000293,0
patch_001236,1
patch_000595,1
patch_005120,1
patch_000431,1
patch_006649,1
patch_002361,1
patch_002491,1
patch_004373,0
patch_004258,1
patch_003722,1
patch_003891,0
patch_004491,1
patch_004602,0
patch_002479,0
patch_006883,1
patch_000343,1
patch_003126,1
patch_006670,1
patch_001846,0
patch_000883,1
patch_002293,1
patch_000361,1
patch_001851,0
patch_005014,1
patch_000499,1
patch_000363,1
patch_002539,0
patch_000291,1
patch_004265,1
patch_003990,1
patch_002763,0
patch_000330,1
patch_006638,1
patch_003410,0
patch_004759,0
patch_000922,1
patch_001100,1
patch_000349,1
patch_000779,1
patch_001131,0
patch_000185,1
patch_006654,1
patch_006390,1
patch_004597,0
patch_003854,1
patch_003494,1
patch_003806,1
patch_004019,1
patch_003863,0
patch_002268,0
patch_004988,0
patch_004020,1
patch_004390,0
patch_001561,0
patch_005721,1
patch_003447,1
patch_007111,1
patch_002447,1
patch_002315,1
patch_001007,1
patch_004580,1
patch_000280,1
patch_001986,1
patch_000233,0
patch_004519,0
patch_002632,1
patch_000904,0
patch_004592,1
patch_005218,0
patch_006614,1
patch_002559,0
patch_000042,1
patch_001525,1
patch_005050,1
patch_000333,1
patch_000441,0
patch_004296,0
patch_007114,1
patch_004595,1
patch_005707,1
patch_003934,0
patch_006855,1
patch_004476,1
patch_005967,1
patch_000318,1
patch_001362,0
patch_001620,0
patch_002721,1
patch_005708,1
patch_000722,0
patch_001139,0
patch_002297,0
patch_004554,1
patch_004774,1
patch_002277,1
patch_005730,1
patch_001716,1
patch_002399,1
patch_004313,1
patch_001439,0
patch_003172,1
patch_000207,1
patch_002505,1
patch_002257,1
patch_005002,1
patch_003622,0
patch_000038,0
patch_001238,1
patch_002678,1
patch_003837,1
patch_002816,1
patch_003994,1
patch_004612,1
patch_004587,1
patch_001394,0
patch_000086,1
patch_000279,1
patch_003621,1
patch_006384,1
patch_000277,1
patch_004926,1
patch_006448,1
patch_001378,0
patch_006411,1
patch_003035,1
patch_003840,0
patch_000494,0
patch_000048,1
patch_005023,1
patch_002217,1
patch_005131,1
patch_000936,0
patch_000853,1
patch_002436,1
patch_003875,0
patch_006870,1
patch_002754,0
patch_003227,0
patch_006443,1
patch_000778,1
patch_005193,1
patch_004158,0
patch_001085,1
patch_002600,1
patch_001998,1
patch_002346,1
patch_001020,1
patch_003188,0
patch_005082,1
patch_003885,1
patch_004469,1
patch_001283,1
patch_004735,1
patch_003541,1
patch_000557,1
patch_003367,1
patch_000562,1
patch_003431,0
patch_002652,1
patch_002561,0
patch_004334,1
patch_005298,0
patch_005354,1
patch_001927,1
patch_004269,1
patch_002341,1
patch_001677,1
patch_005190,1
patch_003587,1
patch_001720,1
patch_003490,1
patch_003816,1
patch_003479,1
patch_004343,1
patch_004397,1
patch_000454,0
patch_005471,1
patch_001235,1
patch_005734,1
patch_004332,1
patch_005187,1
patch_004933,1
patch_001540,1
patch_006222,1
patch_000542,1
patch_005288,0
patch_005137,1
patch_004509,1
patch_005386,1
patch_004129,1
patch_001912,1
patch_002068,1
patch_004260,1
patch_000300,0
patch_000192,1
patch_005224,1
patch_000126,1
patch_004804,1
patch_003256,1
patch_006852,1
patch_004119,1
patch_003478,1
patch_003879,1
patch_005189,1
patch_002466,0
patch_001351,1
patch_002049,1
patch_004738,1
patch_001296,1
patch_002290,0
patch_003269,1
patch_000734,1
patch_003178,1
patch_006626,1
patch_002577,1
patch_006643,1
patch_002810,1
patch_001431,1
patch_003221,0
patch_000672,1
patch_003293,1
patch_003030,1
patch_005371,1
patch_000747,1
patch_003883,1
patch_001073,1
patch_004264,1
patch_000871,1
patch_001870,0
patch_004236,1
patch_005973,1
patch_003108,1
patch_004551,1
patch_000539,1
patch_005018,1
patch_005752,1
patch_001353,1
patch_001914,1
patch_004111,1
patch_006864,1
patch_000165,1
patch_000854,1
patch_004024,1
patch_003769,1
patch_002031,1
patch_007084,1
patch_001295,1
patch_000974,1
patch_000632,1
patch_001103,1
patch_005381,1
patch_005768,1
patch_003532,1
patch_000220,0
patch_006642,1
patch_004065,1
patch_005075,0
patch_003612,0
patch_001550,1
patch_000981,1
patch_005709,1
patch_002324,1
patch_004051,1
patch_000394,1
patch_004388,0
patch_003405,1
patch_001783,0
patch_005513,0
patch_001128,1
patch_002726,1
patch_000449,1
patch_001335,1
patch_001603,0
patch_000051,1
patch_000123,1
patch_004497,1
patch_000335,1
patch_001203,1
patch_005212,0
patch_005194,1
patch_002494,1
patch_002532,0
patch_002686,1
patch_005493,1
patch_002067,1
patch_001715,1
patch_000880,1
patch_000802,1
patch_002848,1
patch_004466,1
patch_003692,0
patch_003792,1
patch_001545,1
patch_003583,1
patch_003887,0
patch_000538,1
patch_000297,1
patch_001979,1
patch_005470,1
patch_003544,1
patch_006661,0
patch_004475,0
patch_002970,1
patch_001802,1
patch_004565,1
patch_003797,1
patch_004383,1
patch_002546,0
patch_000461,0
patch_003397,1
patch_004149,0
patch_003929,0
patch_003537,1
patch_005262,1
patch_003468,1
patch_006676,1
patch_000587,1
patch_001407,0
patch_000616,1
patch_003504,1
patch_002364,1
patch_006445,1
patch_004029,1
patch_001886,0
patch_005051,1
patch_005201,1
patch_003206,1
patch_001973,1
patch_002344,0
patch_001402,0
patch_002439,1
patch_003433,1
patch_000405,1
patch_005011,1
patch_001712,0
patch_005060,0
patch_006901,1
patch_001486,0
patch_003007,1
patch_002077,0
patch_005417,1
patch_002034,1
patch_003230,0
patch_004278,1
patch_003064,1
patch_003387,0
patch_004043,1
patch_006885,1
patch_003846,0
patch_002270,0
patch_001480,1
patch_000033,0
patch_000957,0
patch_004027,1
patch_004831,0
patch_006438,1
patch_003570,1
patch_005150,1
patch_002788,1
patch_000829,1
patch_003326,1
patch_003019,0
patch_003149,0
patch_002219,1
patch_004840,1
patch_005163,1
patch_003876,1
patch_002993,1
patch_006847,1
patch_006174,1
patch_006856,1
patch_003328,1
patch_000262,0
patch_004960,1
patch_006223,1
patch_002376,1
patch_004742,1
patch_002725,0
patch_004248,1
patch_000150,1
patch_003538,1
patch_002528,0
patch_005025,1
patch_000501,1
patch_001787,1
patch_002081,0
patch_001256,1
patch_000467,1
patch_004962,0
patch_002470,0
patch_005305,0
patch_003124,1
patch_005421,1
patch_000274,1
patch_005427,1
patch_000897,0
patch_002226,1
patch_000102,1
patch_000121,1
patch_002030,1
patch_002777,0
patch_001116,1
patch_000517,1
patch_000034,0
patch_003882,1
patch_006905,1
patch_001668,1
patch_000592,1
patch_002913,1
patch_001117,1
patch_003662,1
patch_002129,1
patch_004521,1
patch_004112,1
patch_001193,1
patch_002074,0
patch_005928,1
patch_004678,1
patch_000253,1
patch_001333,1
patch_001021,1
patch_002914,1
patch_001075,1
patch_000563,1
patch_005746,0
patch_005044,1
patch_002930,0
patch_000486,1
patch_000819,1
patch_003018,0
patch_001167,1
patch_004526,1
patch_001298,1
patch_003890,0
patch_005450,1
patch_002392,1
patch_000440,0
patch_001196,1
patch_006681,1
patch_000814,1
patch_000100,1
patch_000504,1
patch_000809,1
patch_006399,1
patch_002139,1
patch_004251,1
patch_003611,1
patch_004154,1
patch_004989,1
patch_001338,1
patch_001890,1
patch_000365,1
patch_002450,1
patch_006662,0
patch_003674,0
patch_002854,1
patch_000744,1
patch_001401,0
patch_002704,0
patch_000561,1
patch_004522,1
patch_000716,0
patch_004992,1
patch_002924,1
patch_001639,0
patch_001125,0
patch_004792,1
patch_005270,1
patch_000821,1
patch_005348,1
patch_003379,1
patch_004360,1
patch_001433,1
patch_001633,1
patch_006408,1
patch_001898,1
patch_001722,1
patch_004968,1
patch_005397,1
patch_001491,1
patch_003125,1
patch_000103,1
patch_000630,1
patch_006421,1
patch_004336,1
patch_003167,0
patch_000890,1
patch_002883,1
patch_003967,1
patch_002480,1
patch_001532,1
patch_003371,1
patch_000833,1
patch_005751,1
patch_001164,1
patch_002065,1
patch_005433,1
patch_001916,1
patch_007081,1
patch_005205,1
patch_003143,1
patch_005377,1
patch_000211,0
patch_002565,1
patch_005955,1
patch_002092,1
patch_005719,1
patch_000891,1
patch_003140,1
patch_002489,1
patch_004724,1
patch_004162,0
patch_006869,1
patch_002116,0
patch_005492,1
patch_003376,1
patch_003682,0
patch_005526,0
patch_005380,1
patch_005251,1
patch_004812,1
patch_004941,1
patch_001992,1
patch_001425,1
patch_004392,0
patch_001072,1
patch_000250,1
patch_005750,1
patch_004080,1
patch_004357,1
patch_004775,1
patch_002779,0
patch_001935,1
patch_003212,0
patch_002313,0
patch_000264,0
patch_003696,1
patch_002414,1
patch_002372,1
patch_001006,1
patch_001884,1
patch_001363,0
patch_001011,1
patch_004161,0
patch_001354,0
patch_000579,1
patch_005496,1
patch_005424,1
patch_000256,1
patch_002724,0
patch_002554,1
patch_000387,1
patch_003893,1
patch_002619,1
patch_004699,1
patch_005441,0
patch_002712,1
patch_003868,0
patch_000346,0
patch_007099,1
patch_006429,0
patch_004826,1
patch_001042,1
patch_006631,1
patch_003119,1
patch_002757,0
patch_003749,1
patch_001482,1
patch_002310,0
patch_002905,1
patch_001656,1
patch_001640,0
patch_000727,1
patch_003609,1
patch_005074,0
patch_004047,1
patch_002455,1
patch_002398,1
patch_001854,0
patch_001495,1
patch_001477,1
patch_002935,0
patch_002227,1
patch_000465,1
patch_001780,1
patch_002932,1
patch_002457,1
patch_004547,1
patch_006866,1
patch_004918,1
patch_000920,0
patch_001376,0
patch_001234,1
patch_002241,1
patch_002082,0
patch_004400,1
patch_002474,0
patch_006854,1
patch_001038,1
patch_004813,1
patch_002989,1
patch_003396,0
patch_003336,1
patch_004118,1
patch_003224,0
patch_000492,0
patch_003699,1
patch_005203,0
patch_002083,0
patch_002669,1
patch_001816,0
patch_007075,1
patch_003427,1
patch_003122,1
patch_002915,1
patch_003003,0
patch_004318,1
patch_006184,1
patch_000040,1
patch_000523,1
patch_003620,1
patch_003519,1
patch_003096,1
patch_002105,0
patch_004184,1
patch_002641,1
patch_003141,1
patch_000898,1
patch_004310,1
patch_006179,1
patch_003870,0
patch_001123,1
patch_005026,1
patch_001717,1
patch_004908,1
patch_000694,1
patch_001774,1
patch_003742,1
patch_005714,1
patch_004559,1
patch_005531,0
patch_002794,1
patch_005164,1
patch_003919,0
patch_001823,0
patch_006635,1
patch_000049,1
patch_001226,1
patch_000888,1
patch_002002,1
patch_001607,1
patch_004121,1
patch_005414,1
patch_005710,1
patch_003448,1
patch_000133,1
patch_002359,1
patch_004465,1
patch_001831,1
patch_002765,0
patch_000326,1
patch_006446,1
patch_005128,1
patch_001423,1
patch_004700,1
patch_005125,1
patch_005497,1
patch_004131,1
patch_005466,1
patch_006160,1
patch_001564,1
patch_002612,1
patch_004005,1
patch_006218,1
patch_001252,1
patch_004731,1
patch_000136,1
patch_004586,1
patch_002637,1
patch_004817,1
patch_002444,1
patch_004263,1
patch_003687,0
patch_003650,1
patch_005986,1
patch_000875,1
patch_000428,1
patch_001287,1
patch_004726,1
patch_000611,1
patch_000295,0
patch_005045,1
patch_006232,1
patch_005415,1
patch_002741,1
patch_000751,1
patch_001917,1
patch_001554,1
patch_002087,1
patch_000864,1
patch_004323,1
patch_005716,1
patch_006409,1
patch_001468,1
patch_000356,1
patch_004282,1
patch_001130,0
patch_000602,1
patch_007093,1
patch_003403,1
patch_001443,1
patch_005043,1
patch_003385,1
patch_000636,1
patch_000339,1
patch_000677,0
patch_002548,0
patch_004490,1
patch_002796,0
patch_001403,0
patch_000731,0
patch_003080,1
patch_001189,0
patch_002108,0
patch_004002,1
patch_002258,1
patch_005982,1
patch_002504,1
patch_000714,0
patch_004853,1
patch_005079,1
patch_000742,1
patch_002386,1
patch_001691,1
patch_001892,1
patch_004500,1
patch_000911,0
patch_000876,1
patch_001490,1
patch_003595,1
patch_001693,1
patch_004311,1
patch_000127,1
patch_002084,0
patch_007133,1
patch_002842,1
patch_002524,0
patch_002184,1
patch_001627,1
patch_003424,1
patch_000807,1
patch_003185,0
patch_004520,0
patch_002982,0
patch_001243,1
patch_004697,0
patch_006229,1
patch_003254,1
patch_005723,1
patch_003465,0
patch_002693,1
patch_003678,0
patch_004133,1
patch_000718,0
patch_006659,1
patch_003382,1
patch_004698,1
patch_004776,1
patch_005210,0
patch_005004,1
patch_001497,1
patch_000281,1
patch_004827,0
patch_000593,1
patch_000613,1
patch_003144,1
patch_003395,1
patch_000487,1
patch_002166,1
patch_002690,1
patch_002409,1
patch_002860,1
patch_003079,1
patch_005406,1
patch_003450,0
patch_002302,0
patch_004016,1
patch_006192,1
patch_002760,0
patch_000495,0
patch_004123,1
patch_003412,0
patch_003339,1
patch_004041,1
patch_000930,1
patch_002811,1
patch_003860,1
patch_002264,1
patch_000609,1
patch_001734,1
patch_003669,1
patch_002202,1
patch_003268,1
patch_001034,1
patch_000235,0
patch_003406,1
patch_005214,0
patch_002441,1
patch_003148,1
patch_000813,1
patch_002352,1
patch_006158,1
patch_001646,0
patch_002928,0
patch_004829,0
patch_003857,1
patch_006207,1
patch_002229,1
patch_002706,0
patch_001708,1
patch_002734,0
patch_005949,1
patch_002533,1
patch_006217,1
patch_003301,1
patch_004906,0
patch_007110,1
patch_001099,1
patch_002133,1
patch_004338,1
patch_004274,1
patch_001710,1
patch_003856,1
patch_006682,1
patch_001929,1
patch_000695,1
patch_005434,1
patch_002186,1
patch_004295,1
patch_004974,0
patch_002509,1
patch_000447,0
patch_004084,1
patch_005230,0
patch_005500,1
patch_002525,0
patch_001689,1
patch_003086,1
patch_000519,1
patch_005503,1
patch_005340,1
patch_005953,1
patch_000108,1
patch_000098,1
patch_001202,1
patch_004535,0
patch_002301,0
patch_002591,1
patch_002021,0
patch_005398,1
patch_007117,0
patch_005308,0
patch_003771,1
patch_001069,1
patch_000424,1
patch_002274,0
patch_002350,1
patch_000972,1
patch_005221,1
patch_006842,1
patch_004983,0
patch_006398,1
patch_000881,1
patch_005396,1
patch_004842,0
patch_005455,1
patch_006208,0
patch_001453,1
patch_003173,1
patch_004747,0
patch_005763,0
patch_004325,0
patch_004291,0
patch_004588,1
patch_001573,1
patch_002805,1
patch_001505,1
patch_004180,1
patch_004844,0
patch_002665,1
patch_000792,1
patch_002316,1
patch_005760,0
patch_001921,1
patch_000302,1
patch_005551,1
patch_004574,1
patch_002150,1
patch_003576,1
patch_002893,1
patch_005036,1
patch_002735,0
patch_004049,1
patch_004345,1
patch_003194,1
patch_002562,0
patch_004669,1
patch_000020,1
patch_002356,1
patch_004922,1
patch_003355,1
patch_004159,0
patch_005401,1
patch_000159,1
patch_001989,1
patch_003057,1
patch_001046,1
patch_005419,1
patch_005166,1
patch_000955,1
patch_001035,1
patch_004640,1
patch_003272,1
patch_005126,1
patch_001092,1
patch_000331,1
patch_002326,0
patch_004276,1
patch_003175,1
patch_004594,1
patch_004671,1
patch_004235,1
patch_005495,1
patch_006660,1
patch_005257,1
patch_000469,1
patch_002768,0
patch_003411,1
patch_003603,0
patch_002853,1
patch_002900,1
patch_002271,0
patch_000324,1
patch_000191,1
patch_002937,0
patch_005039,1
patch_003069,1
patch_001023,1
patch_002821,1
patch_002946,1
patch_004391,0
patch_004807,1
patch_003998,1
patch_000961,0
patch_002387,1
patch_003386,0
patch_004496,1
patch_000184,1
patch_006860,1
patch_005737,1
patch_004181,1
patch_001529,1
patch_004362,1
patch_002357,1
patch_001798,1
patch_004927,1
patch_003606,1
patch_003321,1
patch_002327,0
patch_005307,0
patch_001673,1
patch_003632,1
patch_003658,0
patch_001950,1
patch_004097,0
patch_005306,0
patch_000070,1
patch_001466,1
patch_002943,1
patch_005127,1
patch_005743,0
patch_000513,1
patch_004152,0
patch_003507,1
patch_004772,1
patch_003704,0
patch_001534,1
patch_004715,1
patch_003417,0
patch_000393,1
patch_003909,0
patch_004979,0
patch_003643,1
patch_005494,1
patch_000659,1
patch_001014,1
patch_003623,1
patch_004299,0
patch_005303,0
patch_002761,0
patch_003485,1
patch_005208,1
patch_000369,1
patch_004451,1
patch_002917,1
patch_000099,1
patch_006165,1
patch_002550,0
patch_001692,1
patch_003978,1
patch_002822,1
patch_002339,0
patch_003443,0
patch_002814,1
patch_006613,1
patch_003157,1
patch_004943,1
patch_000622,1
patch_002948,1
patch_002784,0
patch_006678,1
patch_000594,1
patch_003120,1
patch_000528,1
patch_006419,1
patch_007087,1
patch_003460,0
patch_000861,1
patch_001359,0
patch_000216,0
patch_005946,1
patch_006199,0
patch_000729,1
patch_004810,1
patch_002368,1
patch_002857,1
patch_004138,1
patch_000660,1
patch_001093,1
patch_000225,0
patch_000218,0
patch_000319,1
patch_000842,1
patch_002700,1
patch_000877,1
patch_006180,1
patch_000635,1
patch_001397,1
patch_001367,0
patch_005445,0
patch_000313,1
patch_004151,0
patch_003804,1
patch_003660,1
patch_002910,1
patch_003409,0
patch_001941,1
patch_002023,1
patch_002358,1
patch_004319,0
patch_000130,1
patch_003253,1
patch_002215,1
patch_002119,1
patch_000976,1
patch_000407,1
patch_005053,0
patch_006453,1
patch_000490,0
patch_006227,1
patch_003600,1
patch_001815,0
patch_003430,1
patch_003031,1
patch_003341,1
patch_001549,1
patch_003475,0
patch_002411,1
patch_000937,0
patch_002517,1
patch_004382,1
patch_001033,1
patch_001990,1
patch_001621,0
patch_000553,1
patch_005520,0
patch_003817,1
patch_006657,1
patch_002334,1
patch_003770,1
patch_000046,1
patch_005035,1
patch_003044,1
patch_000010,1
patch_003511,1
patch_005028,1
patch_001037,1
patch_006403,1
patch_002775,0
patch_002194,1
patch_002465,0
patch_000275,1
patch_004976,1
patch_007094,1
patch_003283,1
patch_002378,1
patch_005473,1
patch_002169,0
patch_004949,1
patch_005499,1
patch_000619,1
patch_001395,1
patch_004015,1
patch_000703,1
patch_001904,1
patch_002552,1
patch_005192,1
patch_005077,0
patch_001745,1
patch_002141,1
patch_001746,1
patch_004004,1
patch_003633,1
patch_004257,1
patch_004040,1
patch_004137,1
patch_002323,1
patch_001553,1
patch_004359,1
patch_001511,1
patch_002664,1
patch_004335,1
patch_001339,1
patch_004107,1
patch_004481,1
patch_002309,0
patch_001754,1
patch_003191,0
patch_006630,1
patch_003925,1
patch_003251,1
patch_004477,1
patch_005284,1
patch_001330,0
patch_002614,1
patch_000355,1
patch_003335,1
patch_005376,1
patch_000389,1
patch_002716,1
patch_000606,1
patch_002288,1
patch_005757,0
patch_002962,0
patch_006903,1
patch_003832,1
patch_001004,1
patch_005408,1
patch_004599,0
patch_006169,1
patch_001465,1
patch_002461,1
patch_004769,1
patch_002178,1
patch_005533,0
patch_000908,0
patch_001434,0
patch_000717,0
patch_000535,1
patch_003903,1
patch_002789,0
patch_001721,1
patch_000272,1
patch_003855,1
patch_003829,1
patch_007086,1
patch_004846,0
patch_003991,1
patch_005481,1
patch_001352,0
patch_003911,0
patch_003236,0
patch_001919,1
patch_002058,1
patch_001445,1
patch_003305,1
patch_004302,0
patch_004680,1
patch_003661,1
patch_004987,0
patch_003758,1
patch_003647,0
patch_001149,1
patch_001277,1
patch_003917,0
patch_001874,0
patch_005172,1
patch_003914,0
patch_005209,0
patch_006887,1
patch_000947,0
patch_005945,1
patch_005439,0
patch_005511,0
patch_005271,1
patch_000129,1
patch_002213,1
patch_004676,1
patch_002508,1
patch_005416,0
patch_000857,1
patch_003037,1
patch_000481,1
patch_001324,1
patch_006644,1
patch_000580,1
patch_004061,0
patch_001887,0
patch_004740,1
patch_000368,1
patch_003858,1
patch_001585,0
patch_003639,1
patch_003518,1
patch_001278,1
patch_006840,1
patch_006437,0
patch_000570,1
patch_005202,1
patch_007137,1
patch_005463,1
patch_001718,1
patch_001762,1
patch_003631,1
patch_002273,0
patch_004708,1
patch_005754,1
patch_006185,1
patch_000303,1
patch_006181,1
patch_002211,1
patch_004898,1
patch_002892,1
patch_002047,0
patch_003332,1
patch_003728,1
patch_004230,1
patch_005409,1
patch_001674,1
patch_003189,0
patch_003308,1
patch_002440,1
patch_001818,0
patch_002722,1
patch_004504,1
patch_000963,1
patch_005154,1
patch_005440,0
patch_003521,1
patch_002595,1
patch_000115,1
patch_004321,0
patch_004441,1
patch_004066,1
patch_000713,1
patch_001896,0
patch_005457,1
patch_001909,1
patch_004847,0
patch_000679,0
patch_002903,1
patch_006634,1
patch_004651,1
patch_002094,1
patch_004285,1
patch_005286,0
patch_004039,1
patch_005291,0
patch_006637,1
patch_005169,1
patch_004050,1
patch_000709,1
patch_003441,1
patch_001515,1
patch_001347,1
patch_004623,1
patch_003316,1
patch_004903,1
patch_003610,1
patch_002864,1
patch_000041,1
patch_001179,0
patch_001869,0
patch_001416,0
patch_001913,1
patch_000350,0
patch_004996,1
patch_005484,1
patch_006427,0
patch_003918,0
patch_002939,1
patch_002032,1
patch_006843,1
patch_000075,1
patch_002305,0
patch_007083,1
patch_005073,1
patch_002498,0
patch_001543,1
patch_005375,1
patch_001832,0
patch_004330,0
patch_005140,1
patch_004777,1
patch_001563,0
patch_002599,1
patch_002265,1
patch_003729,1
patch_003358,1
patch_000245,1
patch_005213,0
patch_004795,1
patch_005487,1
patch_005236,0
patch_000620,1
patch_001291,1
patch_002759,0
patch_001342,1
patch_005412,1
patch_000190,1
patch_001261,1
patch_004937,1
patch_002623,1
patch_007119,0
patch_004608,0
patch_001300,1
patch_003471,0
patch_001682,1
patch_002206,1
patch_001850,0
patch_007089,1
patch_001634,0
patch_001074,1
patch_002624,1
patch_002072,0
patch_000916,1
patch_003489,1
patch_002427,1
patch_000067,1
patch_000401,1
patch_006671,1
patch_002627,1
patch_004872,1
patch_002975,1
patch_004984,0
patch_003575,1
patch_004980,0
patch_001751,1
patch_005970,0
patch_005207,0
patch_001500,1
patch_004216,1
patch_004752,0
patch_002397,1
patch_003688,0
patch_005176,1
patch_002432,1
patch_003625,1
patch_003748,1
patch_001772,1
patch_004821,1
patch_003350,1
patch_002733,1
patch_001666,0
patch_001195,1
