epoch,train_loss,val_loss,train_acc,val_acc,train_f1,val_f1,train_precision,val_precision,train_recall,val_recall,train_auc,val_auc,learning_rate
1,0.2512320908308029,0.25959975365549326,0.702,0.7094188376753507,0.7779433681073026,0.7949080622347949,0.9182058047493403,0.8753894080996885,0.6748545572074984,0.727979274611399,0.7928019908931478,0.7862579668944014,6.666666666666667e-05
2,0.24115378165245055,0.3176351133733988,0.733,0.749498997995992,0.8073593073593074,0.8348745046235139,0.913469387755102,0.8517520215633423,0.7233354880413704,0.8186528497409327,0.8149583827417874,0.7852492090421387,0.0001
3,0.225612788438797,0.29694463312625885,0.745,0.7454909819639278,0.8142076502732241,0.834850455136541,0.9328046744574291,0.8381201044386423,0.7223658694246929,0.8316062176165803,0.8323012852619396,0.7873355036911367,0.0001
4,0.21647031050920487,0.24583301693201065,0.75575,0.7094188376753507,0.8223313329696308,0.7889374090247453,0.9401247401247401,0.9003322259136213,0.7307692307692307,0.7020725388601037,0.8459968806677027,0.8115686184602687,9.988946049184609e-05
5,0.20466912066936493,0.24138673767447472,0.766,0.7154308617234469,0.8314121037463977,0.7867867867867868,0.9389747762408462,0.9357142857142857,0.7459599224305107,0.6787564766839378,0.8608704306990244,0.8253014810399376,9.955833566366162e-05
6,0.17366357135772706,0.28731202986091375,0.806,0.7334669338677354,0.8619708288865172,0.8118811881188119,0.9584651898734177,0.8940809968847352,0.7831286360698125,0.7435233160621761,0.8931107848131612,0.7870145352835985,9.900810439931104e-05
7,0.1596038433909416,0.27264359407126904,0.82625,0.7414829659318637,0.8775330396475771,0.8122270742358079,0.96474234792716,0.9269102990033222,0.8047834518422754,0.7227979274611399,0.9064152150926597,0.8229629969278739,9.824122416519163e-05
8,0.14356550163030624,0.2992897219955921,0.84925,0.7555110220440882,0.8948928011155656,0.8257142857142857,0.9712447975785092,0.9203821656050956,0.8296703296703297,0.7487046632124352,0.9278893421861867,0.8295199229675821,9.726112003459197e-05
9,0.1381427803337574,0.29175950586795807,0.8555,0.751503006012024,0.9003791795932438,0.8218390804597702,0.9645494830132939,0.9225806451612903,0.8442146089204913,0.7409326424870466,0.9356541393939133,0.8139988078316291,9.607216939048322e-05
10,0.12022900176048279,0.3592777866870165,0.8705,0.7755511022044088,0.9109965635738831,0.8474114441416893,0.9724871606749816,0.8936781609195402,0.856819650937298,0.805699481865285,0.9493882626917298,0.8159704709065064,9.467968237506411e-05
11,0.11417953760921955,0.4189743595197797,0.88575,0.7595190380761523,0.9224766751484309,0.839142091152815,0.9707247411638701,0.8694444444444445,0.87879767291532,0.810880829015544,0.9572836266447486,0.7947407033793388,9.308987817337689e-05
12,0.10186699633300304,0.42538214148953557,0.9045,0.7535070140280561,0.9356469002695418,0.8321964529331515,0.9771287825475018,0.8789625360230547,0.8975436328377505,0.7901554404145078,0.9663062881800707,0.796528955935623,9.130985723691713e-05
13,0.09388067612797021,0.44167246809229255,0.90875,0.779559118236473,0.9385211386221998,0.8544973544973545,0.9799507562434049,0.8729729729729729,0.9004524886877828,0.8367875647668394,0.9711097887958037,0.813379797331377,8.93475695712937e-05
14,0.08724050860106945,0.3689323328435421,0.916,0.7655310621242485,0.9435862995298858,0.8377253814147018,0.9818308874912649,0.9014925373134328,0.9082094376212023,0.7823834196891192,0.9748088231726721,0.8196042918061351,8.72117792295739e-05
15,0.08677709972858429,0.4445272679440677,0.92075,0.7755511022044088,0.9469633595449222,0.8514588859416445,0.9816163718348943,0.8722826086956522,0.9146735617323852,0.8316062176165803,0.9763139081409435,0.8035902609014628,8.491202516989479e-05
16,0.06908346498012542,0.4971706457436085,0.931,0.7655310621242485,0.9540153282239253,0.8462549277266754,0.984525447042641,0.8586666666666667,0.9253393665158371,0.8341968911917098,0.9835988903967088,0.8077972396716953,8.245857865216071e-05
17,0.06746884715184569,0.6397850383073092,0.9365,0.7615230460921844,0.9578213218199934,0.8444444444444444,0.9849726775956285,0.8522427440633246,0.9321266968325792,0.8367875647668394,0.9843687347582947,0.7922417350635058,7.986239736410308e-05
18,0.07158594836294652,0.5695380158722401,0.938,0.7655310621242485,0.9588723051409619,0.8421052631578947,0.9846730245231607,0.8788732394366198,0.9343891402714932,0.8082901554404145,0.9860793018175177,0.8025241872621395,7.713507648158695e-05
19,0.061712948888540266,0.5056888544932008,0.94225,0.7835671342685371,0.9617486338797814,0.8544474393530997,0.9860780984719865,0.8904494382022472,0.9385908209437621,0.8212435233160622,0.9870207379946374,0.8075106607363932,7.428879688174084e-05
20,0.05423677057400346,0.6811187900602818,0.9505,0.7715430861723447,0.9673590504451038,0.8492063492063492,0.9872139973082099,0.8675675675675676,0.9482870071105365,0.8316062176165803,0.9901015423999453,0.794614608647806,7.133627074020258e-05
21,0.05569546911213547,0.7021832559257746,0.9515,0.7635270541082164,0.9681235622740716,0.8455497382198953,0.9846256684491979,0.8544973544973545,0.9521654815772462,0.8367875647668394,0.9908442745411971,0.7676991150442478,6.829068475545687e-05
22,0.051275407802313565,0.6815861463546753,0.95425,0.7575150300601202,0.9699359290290783,0.8401585204755614,0.9863013698630136,0.8571428571428571,0.9541047188106012,0.8238341968911918,0.9924670836240763,0.775253335778807,6.516564125383888e-05
23,0.03781148561090231,0.682177534326911,0.96575,0.781563126252505,0.9775446648090477,0.8548601864181092,0.9916860658463585,0.8794520547945206,0.9638009049773756,0.8316062176165803,0.995326709389818,0.7898688614792059,6.197509743824264e-05
24,0.04774076171033084,0.7742207068949938,0.964,0.7615230460921844,0.9764705882352941,0.8460543337645536,0.9874421678783873,0.8449612403100775,0.9657401422107305,0.8471502590673575,0.9941134375298769,0.7734421569076987,5.873330305186492e-05
25,0.04294222711306065,0.7499802820384502,0.968,0.7575150300601202,0.9791190864600327,0.8426527958387516,0.988471673254282,0.8459530026109661,0.9699418228829993,0.8393782383419689,0.9957244742012953,0.7914737035168967,5.545473673539287e-05
26,0.03159446945274249,0.803811801597476,0.98125,0.7675350701402806,0.9878306019795554,0.8531645569620253,0.9918540241120887,0.8341584158415841,0.9838396897220426,0.8730569948186528,0.9973408619688324,0.7858682195423908,5.2154041361879886e-05
27,0.02697174154338427,0.7441266346722841,0.9805,0.7895791583166333,0.9873499837820305,0.8634590377113134,0.9908854166666666,0.8668407310704961,0.9838396897220426,0.8601036269430051,0.998042212300101,0.795359713879591,4.884595863812011e-05
28,0.016240488312905654,0.9571715369820595,0.98925,0.7715430861723447,0.9930341811112912,0.8556962025316456,0.9954530691783047,0.8366336633663366,0.9906270200387848,0.8756476683937824,0.9992091079936813,0.7733619148058142,4.554526326460713e-05
29,0.01685939835390309,0.9027687497437,0.991,0.749498997995992,0.9941766418634747,0.8353096179183136,0.9951424870466321,0.8498659517426274,0.9932126696832579,0.8212435233160622,0.9993293292864777,0.7701866202026686,4.226669694813506e-05
30,0.009280459401430562,1.1394076459109783,0.99225,0.7595190380761523,0.9949797570850203,0.8481012658227848,0.997078870496592,0.8292079207920792,0.9928894634776988,0.8678756476683938,0.9997128245083056,0.7351552111513595,3.902490256175736e-05
31,0.013247607883269666,1.0925455819815397,0.99325,0.7655310621242485,0.9956360109907871,0.8501920614596671,0.9957969608794051,0.8405063291139241,0.995475113122172,0.8601036269430051,0.9996161480384309,0.7430991792379293,3.5834358746161124e-05
32,0.008544794471061323,1.0845701731741428,0.995,0.7715430861723447,0.9967658473479948,0.8567839195979899,0.997411003236246,0.8317073170731707,0.9961215255332903,0.883419689119171,0.999830191883172,0.7552386629373193,3.270931524454311e-05
33,0.00377921296581917,1.0954409427940845,0.998,0.7675350701402806,0.9987075928917609,0.8527918781725888,0.9983850129198967,0.835820895522388,0.9990303813833226,0.8704663212435233,0.99996825016303,0.7621853363290386,2.9663729259797427e-05
34,0.006677504364342894,1.1031197663396597,0.9975,0.7675350701402806,0.9983839689722043,0.8531645569620253,0.9983839689722043,0.8341584158415841,0.9983839689722043,0.8730569948186528,0.9998184194717112,0.7611651153193636,2.6711203118259156e-05
35,0.0021916679910646054,1.1410206519067287,0.9985,0.7635270541082164,0.9990297542043984,0.8487179487179487,0.9996763754045307,0.8401015228426396,0.9983839689722043,0.8575129533678757,0.9999832332321619,0.7593883259204915,2.3864923518413056e-05
36,0.0028411542427784296,1.121979421004653,0.998,0.7535070140280561,0.9987059204141054,0.8425096030729834,0.9996761658031088,0.8329113924050633,0.997737556561086,0.8523316062176166,0.999901539831419,0.7486358842679628,2.113760263589692e-05
37,0.0005983164891295019,1.1590411998331547,0.99925,0.7675350701402806,0.9995151123323097,0.8531645569620253,0.9996766892984158,0.8341584158415841,0.9993535875888817,0.8730569948186528,0.9999992865205175,0.7570727681232519,1.854142134783928e-05
